comment_id,post_title,text,score,label
"osqpdrg","June 2026 Cdrama discussion index &amp; airing schedules","**The Legend of Rosy Clouds** **Discussion hosted by**: u/a_HerculePoirot_fan , u/not_enough_griffons , u/Alarming_Tea_102 and u/AquaphobicTurtle [Masterpost](https://www.reddit.com/r/CDrama/comments/1uatapp/the_legend_of_rosy_clouds_%E4%BA%91%E7%A7%80%E8%A1%8C_2026_what_are_your/) | Ep 1-3 | Ep 4-6 |",1,""
"osp4vmt","June 2026 Cdrama discussion index &amp; airing schedules","**The Legend of Rosy Clouds** airing schedule. iQIYI and Youku VIP schedules on the first and second lines respectively. VIP: * 6 episodes on the first day. * 2 episodes on June 21 to 26. New episodes are released at 6:00 pm, China Standard Time. https://preview.redd.it/ut5ttjvssc8h1.jpeg?width=2000&amp;format=pjpg&amp;auto=webp&amp;s=214cc2583a2f0f837e6c56225d2d8c9931763103",1,""
"osbf7yv","June 2026 Cdrama discussion index &amp; airing schedules","**The Heart Season 2** airing schedule. CCTV-8 schedule on the first line. Tencent and iQIYI VIP schedules on the second and third lines respectively. Tencent and iQIYI VIP: * 4 episodes on the first day. * 2 episodes on June 19 to 24. New episodes are released at 7:30 pm, China Standard Time. https://preview.redd.it/36sjh13hsy7h1.jpeg?width=1081&amp;format=pjpg&amp;auto=webp&amp;s=b29eb9ca3d52650a17cc5cf38a5112509fa12993",1,""
"os4jjms","June 2026 Cdrama discussion index &amp; airing schedules","Hi, this is to confirm I will host The Legend of Rosy Clouds with [u/not\_enough\_griffons](https://www.reddit.com/user/not_enough_griffons/). Always happy to welcome another co-host if anyone else is interested : D",5,""
"orwu3t8","June 2026 Cdrama discussion index &amp; airing schedules","**Never-Ending Summer** airing schedule. MangoTV SVIP and VIP schedules on the first and second lines respectively. Hunan TV schedule on the third line. MangoTV VIP: * 3 episodes on the first day. * 2 episodes on June 17 and 18. * 1 episode on June 19 to 21. SVIP is ahead by 1 episode. New episodes are released at 12:00 pm, China Standard Time. iQIYI VIP schedule *should* be following MangoTV VIP schedule. ~~Not sure if they will offer SVIP on iQIYI. We'll see~~.... 🤞 Update: SVIP is not available on iQIYI. https://preview.redd.it/qng2t2mp4k7h1.jpeg?width=1080&amp;format=pjpg&amp;auto=webp&amp;s=ab93f7f33bafae581a3479d1d760ac5bbf8a826d",6,""
"orq5id3","June 2026 Cdrama discussion index &amp; airing schedules","**Love Has Fireworks** airing schedule. CCTV-8 schedule on the first line. Tencent and iQIYI VIP schedules on the second and third lines respectively. Tencent and iQIYI VIP: * 4 episodes on the first day. * 1 episode on June 16. * 2 episodes on June 17 to 20. * 1 episode on June 21. New episodes are released at 9:30 pm, China Standard Time. When the episode release time is late in the evening on CCTV-8, sometimes the streaming platforms may release them earlier. We'll see....🤞 https://preview.redd.it/tbrbn69cgd7h1.jpeg?width=1063&amp;format=pjpg&amp;auto=webp&amp;s=fd3faab56419b0324c575bbd9a8d2fb457231634",3,""
"oqz30jr","June 2026 Cdrama discussion index &amp; airing schedules","**Archives: The Nanyang Mystery** airing schedule. VIP: * 6 episodes on the first day. * 2 episodes on June 12 to 22. * 1 episode on June 23. * No episodes on June 24 to 26. * 1 episode on June 27 to 30. New episodes are released at 6:00 pm, China Standard Time. ⏩ While it hasn't been officially announced, the express package *should* be available on June 23 at 6:00 pm, China Standard Time. Episodes 30 to 33. This is the full schedule. https://preview.redd.it/x0pdljumyk6h1.jpeg?width=2000&amp;format=pjpg&amp;auto=webp&amp;s=7d2d2cc1eb6b2fc37a3dd60e51d9b2136d0036df",3,""
"oqrnqgx","June 2026 Cdrama discussion index &amp; airing schedules","**The First Jasmine | Mo Li Discussions** Discussion hosted by : [u/winterchampagne](https://www.reddit.com/user/winterchampagne/) | [u/Feeshpockets](https://www.reddit.com/user/Feeshpockets/) | u/TheAlchemist420 | [u/kritihearys](https://www.reddit.com/user/kritihearys/) | u/latefair [Masterpost](https://www.reddit.com/r/CDrama/comments/1u0whie/the_first_jasmine_%E8%8E%AB%E7%A6%BB_2026_what_are_your_first/) | [Episodes 1-3](https://www.reddit.com/r/CDrama/comments/1u1mc1e/the_first_jasmine_mo_li_episodes_13_discussion/) | [Episodes 4 - 6](https://www.reddit.com/r/CDrama/s/OOw2VZY6Wl) | [Episodes 7-8](https://www.reddit.com/r/CDrama/s/QC9PQDkpk1) | [Episodes 9-10 ](https://www.reddit.com/r/CDrama/comments/1u4ojro/the_first_jasmine_mo_li_episodes_9_10_discussion/) | [Episodes 11-12](https://www.reddit.com/r/CDrama/s/OvowsgXiTJ) | [Episodes 13-14](https://www.reddit.com/r/CDrama/s/C97hNmTQh4) | [Episodes 15-16](https://www.reddit.com/r/CDrama/s/wBsrnk4f9P) | [Episodes 17-18](https://www.reddit.com/r/CDrama/comments/1u8bybq/the_first_jasmine_mo_li_episodes_17_18_discussion/) | [Episodes 19-20](https://www.reddit.com/r/CDrama/s/xap8qi7ts2) | [Episodes 23-24](https://www.reddit.com/r/CDrama/s/cKWPEb55ZO)| [Episodes 21-22](https://www.reddit.com/r/CDrama/s/xssxqbyG7L) https://preview.redd.it/ovskmr6egd6h1.jpeg?width=4586&amp;format=pjpg&amp;auto=webp&amp;s=c93d7abed87880a8b0b9488f5565690c28468c2d",12,""
"oqouwft","June 2026 Cdrama discussion index &amp; airing schedules","**To the Stars** airing schedule. CCTV schedule on the first line. iQIYI VIP schedule on the second line. Non-subscriber schedule on the third line. VIP: * 4 episodes on the first day. * 2 episodes on June 10. * 1 episode on June 11. * 2 episodes on June 12. * No episodes on June 13. * 2 episodes on June 14. New episodes will be released at 8:00 pm, China Standard Time. https://preview.redd.it/7gtx6lalva6h1.jpeg?width=2000&amp;format=pjpg&amp;auto=webp&amp;s=ab6af30a77d09cf95f89cc5d22fe6da386d38405",1,""
"oqehxae","June 2026 Cdrama discussion index &amp; airing schedules","**The First Jasmine** airing schedule. CCTV-8 schedule on the first line. Tencent SVIP and VIP schedules on the second and third lines respectively. VIP: * 4 episodes on the first day. * 2 new episodes on June 10 to 14. SVIP is ahead by 1 episode. New episodes are released at 12:00 pm, China Standard Time. https://preview.redd.it/hna3t4vk406h1.jpeg?width=1500&amp;format=pjpg&amp;auto=webp&amp;s=ec74a3085b1d6414776381c0863d544348367367",7,""
"oq7jb5q","June 2026 Cdrama discussion index &amp; airing schedules","**Wonder Wall** airing schedule. CCTV-8 schedule on the first line. SVIP schedule on the second line. VIP schedule on the third line. VIP: * 3 episodes on the first day. * 2 new episodes on June 8 and 9. SVIP is ahead by 1 episode. New episodes are released at 7:30 pm, China Standard Time. https://preview.redd.it/ceqzg1urbs5h1.jpeg?width=1500&amp;format=pjpg&amp;auto=webp&amp;s=08929beb678990f88bf13b28bd04d090ee31c812",1,""
"opegdml","June 2026 Cdrama discussion index &amp; airing schedules","u/a_HerculePoirot_fan and I would welcome a third cohost for [The Legend of Rosy Clouds](https://mydramalist.com/728951-the-story-of-saiunkoku), which may or may not air in late June.",8,""
"opcdgky","June 2026 Cdrama discussion index &amp; airing schedules","**Ferryman: 10th Anniversary** airing schedule. VIP: * 6 episodes on June 2. * 3 episodes on June 3. * 2 episodes on June 4. * 3 episodes on June 5. * 2 episodes on June 6. * 3 episodes on June 7. * No episodes on June 8 to 10. * 1 episode on June 11 to 15. New episodes are released at 6:00 pm except June 7 where episodes are released at 12:00 pm. China Standard Time. ⏩ While it's not announced yet, the express package will likely be available for purchase on June 7. Episodes 20 to 24. This is the full schedule. https://preview.redd.it/wwak5u0s9w4h1.jpeg?width=900&amp;format=pjpg&amp;auto=webp&amp;s=13688d85ab9a64054c1ce78859fd901c335abe81",1,""
"opcde8s","June 2026 Cdrama discussion index &amp; airing schedules","**Ashes to Crown** airing schedule. SVIP schedule on the first line. VIP schedule on the second line. VIP: * 3 episodes on the first day. * 2 episodes on June 3. * 1 episode on June 4 to 7. SVIP is ahead by 1 episode. New episodes are released at 12:00 pm, China Standard Time. https://preview.redd.it/1bweu66q9w4h1.jpeg?width=1500&amp;format=pjpg&amp;auto=webp&amp;s=d25ef0fc8e5f8cb4bf7f92e036a0f575f6d65a85",5,""
"opcc8hd","June 2026 Cdrama discussion index &amp; airing schedules","# Airing schedules for ongoing dramas (May 2026 to June 2026) 🗓️ ✅ = completed * [Dazzling](https://www.reddit.com/r/CDrama/s/QY5NI2AOi1) ✅ * [Storm over the Plateau](https://www.reddit.com/r/CDrama/s/hybRHSAVCY) * [The Heir](https://www.reddit.com/r/CDrama/s/GC3Ezgxas2) ✅ * [The Lead](https://www.reddit.com/r/CDrama/s/4ZazDJ6QYu) ✅ * [The Tang Mist](https://www.reddit.com/r/CDrama/s/rfhkoY7YYI) ✅ * [Zhan Zhao Adventures](https://www.reddit.com/r/CDrama/s/PTopf8Decc) ✅",1,""
"opcc7rq","June 2026 Cdrama discussion index &amp; airing schedules","# Recent/Upcoming Drama Release Dates (May 2026 to June 2026) 🗓️ **May:** * [A Splendid Match 良陈美锦](https://mydramalist.com/762395-liang-chen-mei-jin), MangoTV 🥭, Tencent 🐧, iQIYI 🥝 and Viki - May 3 * [Born with Luck 擒贼记](https://mydramalist.com/768867-di-zhi-shang-fan-zui), iQIYI 🥝 - May 4 * [Bloom Life 喀什恋歌](https://mydramalist.com/752183-bloom-life), iQIYI 🥝 - May 5 * [The Lead 主角](https://mydramalist.com/683273-main-character), Tencent 🐧 - May 10 * [Zhan Zhao Adventures](https://mydramalist.com/749951-zhan-zhao-adventures), Youku 👖 and Viki - May 13 * [The Heir 家业](https://mydramalist.com/776109-jia-ye), iQIYI 🥝 - May 17 * [The Map of Truth 香港探秘地图](https://mydramalist.com/780046-hong-kong-tam-bei-dei-to), TVB Anywhere and Youku (regional availability) - May 18 * [Rescue the Girl (2025) 极速营救](https://mydramalist.com/782046-ji-su-ying-jiu), [iQIYI 🥝 international release](https://www.iq.com/play/tfd7uv77m8) - May 18 * [Tang Dynasty Occult Mysteries 盛唐诡案 (神都)](https://mydramalist.com/782960-shen-du), iQIYI 🥝 - May 22 * [The Tang Mist Season 1 大唐迷雾 第一季](https://mydramalist.com/790618-da-tang-mi-wu), Tencent 🐧 - May 23 * [Storm Over the Plateau 塬上风云](https://movie.douban.com/subject/34966200/), iQIYI 🥝 - May 24 * [Motherhood of Taihang 太行谣](https://movie.douban.com/subject/35693282/), iQIYI 🥝 - May 26 * [Dazzling 耀眼](https://mydramalist.com/775155-yao-yan), MangoTV 🥭 and Viki - May 27 * [Life is Elsewhere 欢迎回我的频道](https://mydramalist.com/713475-life-is-elsewhere), iQIYI 🥝 - May 27 *** 🗓️ **June:** * [Ashes to Crown](https://mydramalist.com/762857-chu-hou), Youku 👖 - June 2 * [The Ferryman: 10th Anniversary 灵魂摆渡·十年](https://mydramalist.com/790598-the-ferryman-10th-anniversary), iQIYI 🥝 - June 2 * [Wonder Wall](https://mydramalist.com/754373-wonder-wall), Tencent 🐧 - June 7 * [The First Jasmine](https://mydramalist.com/779368-mo-li), Tencent 🐧 and Viki - June 9 * [To the Stars 星月征途](https://mydramalist.com/714179-hao-yue-dang-kong), iQIYI 🥝 - June 9 * [Archives: The Nanyang Mystery 南部档案](https://mydramalist.com/700335-cases-of-the-south), iQIYI 🥝 - June 11 * [Love Has Fireworks 爱情有烟火](https://mydramalist.com/704189-shining-character), iQIYI 🥝, Tencent 🐧and Viki - June 15 * [Never-Ending Summer 炽夏](https://mydramalist.com/767383-zhui-luo), MangoTV 🥭 and iQIYI 🥝 - June 16 * [The Heart Season 2 问心2](https://mydramalist.com/760713-the-heart-season-2), iQIYI 🥝 and Tencent 🐧 - June 18 * [The Legend of Rosy Clouds 云秀行](https://mydramalist.com/728951-the-story-of-saiunkoku), iQIYI 🥝 and Youku 👖 - June 20 * [Inseparable 昨夜将至](https://mydramalist.com/793386-inseparable), iQIYI 🥝 - June 24 *** 🍉 **Upcoming - TBA:** iQIYI: * [The Whimsical Return 云归喜事](https://mydramalist.com/766301-tang-dynasty-tour-season-2/), iQIYI 🥝 - TBA * [Jing Bian 惊变](https://mydramalist.com/778338-chuan-yue-shi-kong-de-xun-zhang-zhi-jing-bian), iQIYI 🥝 - TBA * [Touch 非正式浪漫](https://mydramalist.com/776333-shu-ren-zuo-an), iQIYI 🥝 - TBA * [King of Comedy 喜剧之王](https://mydramalist.com/768807-king-of-comedy), iQIYI 🥝 - TBA * [The Ingenious One Season 2 云襄传之将进酒](https://mydramalist.com/762297-the-ingenious-one-season-2), iQIYI 🥝 - TBA Tencent: * [Coming to Myself 待我醒来时](https://mydramalist.com/703211-dai-wo-you-zui-shi), Tencent 🐧- TBA * [Ye Se An Xiang 夜色暗香 (Jing Huan 惊欢)](https://mydramalist.com/784326-jing-huan), Tencent 🐧- TBA * [San Xian Mi Hui 三线谜回](https://mydramalist.com/749997-san-xian-lun-hui), Tencent 🐧 - TBA * [In the Moonlight 月明千里](https://mydramalist.com/692113-ming-yue-qian-li), Tencent 🐧 - TBA Youku: * [Pull Strings 师兄太稳健](https://mydramalist.com/752075-wo-shi-xiong-shi-zai-tai-wen-jian-le), Tencent 🐧 - TBA * [Inspire Me 有喜的日子](https://mydramalist.com/757785-inspire-me), Tencent 🐧 - TBA MangoTV: *** 🗓️ [List of April 2026 dramas](https://www.reddit.com/r/CDrama/s/OFTSkfgPqn)",1,""
"osswajt","The Legend of Rosy Clouds 云秀行 (2026) - What are your first impressions? [Masterpost]","Just finished episode 2 and the cast is STACKED. Glad we're getting to see them all together. It's keeping me entertained atm. Fairly lighthearted and humorous easy watch. I'm not gripped by it, but feel like I will carry on watching it for now. Even with the fake beard, I'm still getting distracted by how beautiful Deng Wei is 😭 he always mesmerises me.",1,""
"ossey9r","The Legend of Rosy Clouds 云秀行 (2026) - What are your first impressions? [Masterpost]","I’m curious by the “before they got famous” vibe people have mentioned here because all the cast were already famous when this was filmed. Even Deng Wei who was one of the newer hit artists already had Lost You Forever out when this was filmed I think. Wonder if it’s more of a low budget feel..",1,""
"oss3qfv","The Legend of Rosy Clouds 云秀行 (2026) - What are your first impressions? [Masterpost]","Watched up to ep. 4. What I like: - This is such a visual feast and ensemble cast. Watching so many handsome people at the same time is... absolutely 'before they got famous' vibe. 😅 Joseph Zeng, Riley Wang, Cheng Hong Xin, Tian Jia Rui, Li Yitong, Dai Lu Wa. - Looks like a mix of light comedy and darker backstory. - The outfits are stunning, especially Riley Wang's. Li Yitong's outfit and hair styling reminded me of A dream within a dream styling, a lot. What I don't like: - Don't like the dubbing that much, because almost everyone's dubbing is out of sync by a half second. - There are some weird cuts and rushed editing. Which actually happens a lot in the dramas lately. The actions and decisions of the characters feel like a summary or overview rather than the elaborate thought processes. I'll stick with the drama anyways, but these 4 episodes feel very condensed and rushed.",1,""
"oss0ins","The Legend of Rosy Clouds 云秀行 (2026) - What are your first impressions? [Masterpost]","I’m liking it so far. The story is getting interesting after ep 4 and 5.",1,""
"osrkgh3","The Legend of Rosy Clouds 云秀行 (2026) - What are your first impressions? [Masterpost]","Li Yitong’s characters in recent dramas are more or less the same - quirky, atypical and humorous. It’s a pity as she has the range to do more serious roles, way back when I first saw her in Bloody romance she really had that potential. I’m unconvinced by Joseph Zeng’s acting here, but we are only at ep 2 so I’m hoping his character development moves more quickly. Overall this seems to be a lighter drama without the heavy political scheming viewers don’t need to rack their brains over. Plot seems rather obvious as well.",1,""
"osres9f","The Legend of Rosy Clouds 云秀行 (2026) - What are your first impressions? [Masterpost]","Btw this is such a ""before they were famous"" drama 🤣",1,""
"osrdq3g","The Legend of Rosy Clouds 云秀行 (2026) - What are your first impressions? [Masterpost]","I like it but that voice definitely doesn't fit Zeng Shunxi 🫣",1,""
"osr764k","The Legend of Rosy Clouds 云秀行 (2026) - What are your first impressions? [Masterpost]","Why is this airing when I'm hosting The First Jasmine and have adult social obligations?! I need to become independently wealthy so I have time for my dramas.",1,""
"osr0gsp","The Legend of Rosy Clouds 云秀行 (2026) - What are your first impressions? [Masterpost]","I’m halfway through ep 1 and I’m reeeeally not liking the VA for LYT’s character. She is constantly is ‘gaspy’ and voice actory in a way that people normally don’t do in real life. It also feels like a lot of characters voices are a tiny late out of sync with mouth movements.",1,""
"osqpjhx","The Legend of Rosy Clouds 云秀行 (2026) - What are your first impressions? [Masterpost]","# [iQIYI's YouTube](https://youtube.com/playlist?list=PLlCrV9TCfzMbXwA4a-fOVi2tWJKYH1z2y) At the time of posting this comment, Episodes 1 and 2 are available on iQIYI's YouTube channel. [Episodes 3 and 4 are behind a paywall](https://youtube.com/playlist?list=PLlCrV9TCfzMbt-cHSL1av8rRJUM-N5xH3). Edit: image updated. https://preview.redd.it/z7w2vt8kah8h1.png?width=968&amp;format=png&amp;auto=webp&amp;s=cb1e4be16d36c128f807982e9164ed360fc61d07",1,""
"osqpixb","The Legend of Rosy Clouds 云秀行 (2026) - What are your first impressions? [Masterpost]","# [iQIYI streaming app](https://www.iq.com/play/1fnlqm3zah8) **The Legend of Rosy Clouds** is available on the iQIYI app. https://preview.redd.it/gnxgwb6a1f8h1.png?width=1080&amp;format=png&amp;auto=webp&amp;s=f801434362e7fa0e00f7219a6698e586539dc5ad",1,""
"osqphz1","The Legend of Rosy Clouds 云秀行 (2026) - What are your first impressions? [Masterpost]","# [Episode Discussions](https://www.reddit.com/r/CDrama/s/xileJDgqK3) will be hosted by u/a_HerculePoirot_fan, u/not_enough_griffons and u/Alarming_Tea_102. Thank you all for hosting! 😄 ⚠️ Please use [spoiler text](https://support.reddithelp.com/hc/en-us/articles/360043033952-Formatting-Guide) if you are sharing thoughts beyond the initial episodes. 🗓️ [Airing schedule](https://www.reddit.com/r/CDrama/s/ntasCk81Nk) 👥 [Character relationship chart](https://www.reddit.com/r/CDrama/s/TbRpRiuBqd) 🎙️ [OST List](https://www.reddit.com/r/CDrama/s/53IgsfI6uU) 🔗 [Previous posters, trailer, etc.](https://www.reddit.com/r/CDrama/search/?q=%22The+Legend+of+Rosy+Clouds+%E4%BA%91%E7%A7%80%E8%A1%8C%22&amp;type=posts&amp;sort=new) 🎥 [Trailer with English subs](https://www.reddit.com/u/admelioremvitam/s/n0pug30pv9) – posted on my profile. 🎥 [First trailer released on April 23, 2024](https://www.reddit.com/u/admelioremvitam/s/CrRWO58oIx) – posted on my profile. 🔎 [Baidu Baike](https://baike.baidu.com/item/%E4%BA%91%E7%A7%80%E8%A1%8C/62667331) | [Douban](https://m.douban.com/movie/subject/26970929/) | [MDL](https://mydramalist.com/728951-the-story-of-saiunkoku)",1,""
"ostd9f4","Archives: The Nanyang Mystery 南部档案 Episodes 23-24 Discussion","Bonus question: Why is Ding Yuxi playing a villain so attractive?",1,""
"osss1lv","Cdrama reviews (You can read this if you’re onto famous cdramas)","Girl you don't need to think of others opinions while writing yours Love in the clouds is legendary no matter what others say",1,""
"oss80yi","Cdrama reviews (You can read this if you’re onto famous cdramas)","Ohhh, LITC and POB are completely understandable, set the bar high 😃😁😊",1,""
"oss60q8","Cdrama reviews (You can read this if you’re onto famous cdramas)","I'm struggling to finish Moonlight mystique and unveil :jadewind 😭",1,""
"oss56y3","Cdrama reviews (You can read this if you’re onto famous cdramas)","That's a good starter package. Here's our officially unofficial sub starter package so that you might some more interesting dramas. [https://www.reddit.com/r/CDrama/comments/1q4n0h4/genre\_chart\_almost\_2\_months\_and\_20\_rounds\_later/](https://www.reddit.com/r/CDrama/comments/1q4n0h4/genre_chart_almost_2_months_and_20_rounds_later/) https://preview.redd.it/mmqbshe6kg8h1.png?width=1080&amp;format=png&amp;auto=webp&amp;s=6bbf4a233c04d43ee48f34829facd7e386186cb9",1,""
"osr1o7k","Cdrama reviews (You can read this if you’re onto famous cdramas)","Hi IdealMoney3180, as you are new to the sub, you need to follow the instructions in [this guide](https://www.reddit.com/r/CDrama/comments/1lwc54k) first. We will then review your submission. Note: Mods will only approve posts from accounts that meet a certain karma threshold, and that meets our guidelines. *I am a bot, and this action was performed automatically. Please [contact the moderators of this subreddit](/message/compose/?to=/r/CDrama) if you have any questions or concerns.*",1,""
"ostekie","📺 What Are You Watching Now? 📺 — June 20, 2026","Just finished **The Lead**. Best series I’ve watched in years. Just wow. Started **Blossoms Shanghai**. Finally! I’ve been waiting to do a 1-month Criterion subscription for my birthday. And, **Love Beyond the Grave**. Entertaining. Looking forward to **Mo Li** bc Cheng Lei and curious to see disability rep.",1,""
"ostc94q","📺 What Are You Watching Now? 📺 — June 20, 2026","I've recently started a rewatch of The Legend of Zhuohua, with a friend who hasn't seen it before. She called it 'quieter' than the other cdramas she's seen and I get what she means especially in these early episodes. I just love it though, the politics is so well done and the focus on people's lives in that society (especially the women). It's one of my favourite romantic relationships too.",1,""
"ostbnmz","📺 What Are You Watching Now? 📺 — June 20, 2026","Zhan Zhao Adventures, and The First Jasmine",1,""
"ostbn0w","📺 What Are You Watching Now? 📺 — June 20, 2026","Too many with hella handsome men… Zhang Xincheng and Ding Yuxi killing it in **Archives: The Nanyang Mystery** Bai Jingting and his shoulders, biceps and abs in **The First Frost** Cheng Lei of course, always bringing charm and fierce to my sceeen in **The First Jasmine** And now I also get Joseph Zeng and Deng Wei in **The Legend of Rosy Clouds**? Which I haven’t started yet but it’s part of the plan! Not to mention Zhang Linghe and Liu Yuning in **The Truth 4**, and Dylan Wang in **Per Aspera Ad Astra** (which is now on Netflix globally!). And I’m not done my Hou Minghao marathon. **Love in the Clouds** is next on my watchlist. https://preview.redd.it/5cc50kuglh8h1.jpeg?width=1170&amp;format=pjpg&amp;auto=webp&amp;s=0b1fb31f6c935dd7d30d28076755cb10700e73e3",1,""
"ostgvfs","The First Jasmine | Mo Li: Episodes 23-24 Discussion","Hiii! Such a wonderful discussion! I just dropped by to check the latest discussion post, i didn't know you were hosting. Definitely checking out the previous posts! 💗",1,""
"oste3zc","The First Jasmine | Mo Li: Episodes 23-24 Discussion","Don’t the astronomers inform the royals about such event beforehand? Why are they so shocked? Why don’t they know what solar eclipse is? Also I can’t believe tuna boy is the voice of reason in that family. Mo Jing Li and the Dier chic are definitely involved in everything that is going wrong with the peace talks. And why the hell she yap so much omggggg 🙄🔫",1,""
